[
  {
    "id": "1154c393-72f4-4810-ab0c-d9f0eeff6427",
    "data": [
      {
        "text": "do you have ",
        "userDefined": false
      },
      {
        "text": "medium",
        "alias": "size",
        "meta": "@size",
        "userDefined": true
      },
      {
        "text": " ",
        "userDefined": false
      },
      {
        "text": "blue",
        "alias": "color",
        "meta": "@sys.color",
        "userDefined": false
      },
      {
        "text": " t-shirts",
        "userDefined": false
      }
    ],
    "isTemplate": false,
    "count": 0,
    "updated": 1524508231
  },
  {
    "id": "14e4c2b4-a555-4519-88ae-dd1d00ffe466",
    "data": [
      {
        "text": "order ",
        "userDefined": false
      },
      {
        "text": "6",
        "alias": "number-integer",
        "meta": "@sys.number-integer",
        "userDefined": true
      },
      {
        "text": " ",
        "userDefined": false
      },
      {
        "text": "red",
        "alias": "color",
        "meta": "@sys.color",
        "userDefined": false
      },
      {
        "text": " t-shirts",
        "userDefined": false
      }
    ],
    "isTemplate": false,
    "count": 0,
    "updated": 1524508199
  },
  {
    "id": "e15caf21-a564-4704-b554-78c8e3878a20",
    "data": [
      {
        "text": "large",
        "alias": "size",
        "meta": "@size",
        "userDefined": false
      },
      {
        "text": " t-shirts",
        "userDefined": false
      }
    ],
    "isTemplate": false,
    "count": 0,
    "updated": 1524508231
  },
  {
    "id": "a5698588-9bf9-405c-9987-4d43e4e1e7c6",
    "data": [
      {
        "text": "order ",
        "userDefined": false
      },
      {
        "text": "small",
        "alias": "size",
        "meta": "@size",
        "userDefined": true
      },
      {
        "text": " size t-shirts",
        "userDefined": false
      }
    ],
    "isTemplate": false,
    "count": 1,
    "updated": 1524508231
  },
  {
    "id": "d8b70c38-3b3c-46d5-a936-3b76d2d60e3a",
    "data": [
      {
        "text": "I want to buy t-shirts",
        "userDefined": false
      }
    ],
    "isTemplate": false,
    "count": 0,
    "updated": 1524508199
  },
  {
    "id": "55b8d785-4dd4-4809-b1d1-bf50783b0806",
    "data": [
      {
        "text": "can I order ",
        "userDefined": false
      },
      {
        "text": "4",
        "alias": "number-integer",
        "meta": "@sys.number-integer",
        "userDefined": false
      },
      {
        "text": " ",
        "userDefined": false
      },
      {
        "text": "blue",
        "alias": "color",
        "meta": "@sys.color",
        "userDefined": true
      },
      {
        "text": " t-shirts in ",
        "userDefined": false
      },
      {
        "text": "Small",
        "alias": "size",
        "meta": "@size",
        "userDefined": false
      },
      {
        "text": " size?",
        "userDefined": false
      }
    ],
    "isTemplate": false,
    "count": 0,
    "updated": 1524508231
  },
  {
    "id": "22a312aa-4d62-4f80-bc00-5d5ed21ee949",
    "data": [
      {
        "text": "I need t-shirts",
        "userDefined": false
      }
    ],
    "isTemplate": false,
    "count": 0,
    "updated": 1524508199
  },
  {
    "id": "6a346b2d-17dc-4c5e-a7f3-1824299132c7",
    "data": [
      {
        "text": "red",
        "alias": "color",
        "meta": "@sys.color",
        "userDefined": false
      },
      {
        "text": " t-shits",
        "userDefined": false
      }
    ],
    "isTemplate": false,
    "count": 0,
    "updated": 1524508199
  },
  {
    "id": "eb3fdf06-785b-44b1-82b9-cd3d2cd5b65f",
    "data": [
      {
        "text": "hi",
        "userDefined": false
      }
    ],
    "isTemplate": false,
    "count": 0,
    "updated": 1524508199
  },
  {
    "id": "978f3b17-3f6b-412c-80fb-fc70589877fd",
    "data": [
      {
        "text": "4",
        "alias": "number-integer",
        "meta": "@sys.number-integer",
        "userDefined": true
      },
      {
        "text": " t-shirts",
        "userDefined": false
      }
    ],
    "isTemplate": false,
    "count": 0,
    "updated": 1524508199
  }
]