[
  {
    "id": "39cfbcf3-e47e-4eef-a442-61740a00d8aa",
    "data": [
      {
        "text": "I don\u0027t want that",
        "userDefined": false
      }
    ],
    "isTemplate": false,
    "count": 0,
    "updated": 1520470718
  },
  {
    "id": "5f05eea3-1fb9-45e7-b7c1-8f99fa4e11d8",
    "data": [
      {
        "text": "weekends",
        "alias": "date-period",
        "meta": "@sys.date-period",
        "userDefined": false
      }
    ],
    "isTemplate": false,
    "count": 0,
    "updated": 1524090182
  },
  {
    "id": "f81c1fac-68e3-4ef7-a7df-62e304457954",
    "data": [
      {
        "text": "definitely not",
        "userDefined": false
      }
    ],
    "isTemplate": false,
    "count": 1,
    "updated": 1520470718
  },
  {
    "id": "f447199d-8f9e-4156-8b34-b33472d37606",
    "data": [
      {
        "text": "sunday",
        "alias": "date",
        "meta": "@sys.date",
        "userDefined": false
      }
    ],
    "isTemplate": false,
    "count": 0,
    "updated": 1524090182
  },
  {
    "id": "433556d5-7f4e-4639-863d-fc2fb6940d1d",
    "data": [
      {
        "text": "not interested",
        "userDefined": false
      }
    ],
    "isTemplate": false,
    "count": 0,
    "updated": 1520470718
  },
  {
    "id": "a99bc389-2fd4-4c5d-bb41-56d3283c7dd6",
    "data": [
      {
        "text": "no",
        "userDefined": false
      }
    ],
    "isTemplate": false,
    "count": 1,
    "updated": 1520470718
  },
  {
    "id": "4caa8a8c-1032-49f3-8479-d0fefacfbbfa",
    "data": [
      {
        "text": "saturday",
        "alias": "date",
        "meta": "@sys.date",
        "userDefined": false
      }
    ],
    "isTemplate": false,
    "count": 0,
    "updated": 1524090182
  },
  {
    "id": "cb1bd6a0-553a-470d-acd8-b36b19c85a2e",
    "data": [
      {
        "text": "I don\u0027t think so",
        "userDefined": false
      }
    ],
    "isTemplate": false,
    "count": 0,
    "updated": 1520470718
  },
  {
    "id": "4a6cc16f-4ff1-4ef4-bb38-71da9308da2a",
    "data": [
      {
        "text": "I disagree",
        "userDefined": false
      }
    ],
    "isTemplate": false,
    "count": 2,
    "updated": 1520470718
  },
  {
    "id": "cc10e8e8-adf9-47f1-88c2-1c31c8e66cd0",
    "data": [
      {
        "text": "don\u0027t do it",
        "userDefined": false
      }
    ],
    "isTemplate": false,
    "count": 0,
    "updated": 1520470718
  },
  {
    "id": "9240758d-ec46-490c-9eae-8b619237afc1",
    "data": [
      {
        "text": "not really",
        "userDefined": false
      }
    ],
    "isTemplate": false,
    "count": 0,
    "updated": 1520470718
  }
]