[
  {
    "id": "29bb6000-d044-4203-8780-741ffd5cf80e",
    "data": [
      {
        "text": "Wednesday",
        "alias": "date",
        "meta": "@sys.date",
        "userDefined": false
      }
    ],
    "isTemplate": false,
    "count": 1,
    "updated": 1524090415
  },
  {
    "id": "35d4beda-8c25-4b75-8487-11eb4c68ac85",
    "data": [
      {
        "text": "ok",
        "userDefined": false
      }
    ],
    "isTemplate": false,
    "count": 0,
    "updated": 1524090415
  },
  {
    "id": "7ccd559e-8cb8-4b61-9694-be1f7d8b0335",
    "data": [
      {
        "text": "Tuesday",
        "alias": "date",
        "meta": "@sys.date",
        "userDefined": false
      }
    ],
    "isTemplate": false,
    "count": 0,
    "updated": 1524090415
  },
  {
    "id": "187264a1-e704-40d6-837f-3910c8aa84e7",
    "data": [
      {
        "text": "yes",
        "userDefined": false
      }
    ],
    "isTemplate": false,
    "count": 0,
    "updated": 1524090415
  },
  {
    "id": "66f5c159-62cb-4cef-9f86-8d4f55f6214c",
    "data": [
      {
        "text": "do it",
        "userDefined": false
      }
    ],
    "isTemplate": false,
    "count": 1,
    "updated": 1524090133
  },
  {
    "id": "b3e83c82-5b80-408c-a9d8-70abf53a97cb",
    "data": [
      {
        "text": "confirm",
        "userDefined": false
      }
    ],
    "isTemplate": false,
    "count": 1,
    "updated": 1524090415
  },
  {
    "id": "a3e568da-9bc6-4436-b225-67aba4e3416b",
    "data": [
      {
        "text": "of course",
        "userDefined": false
      }
    ],
    "isTemplate": false,
    "count": 0,
    "updated": 1524090415
  },
  {
    "id": "7b03ad91-33d8-43e2-9d7a-17fd1cae0bbb",
    "data": [
      {
        "text": "that\u0027s correct",
        "userDefined": false
      }
    ],
    "isTemplate": false,
    "count": 0,
    "updated": 1524090415
  },
  {
    "id": "c25880bf-d16c-45d7-aaff-b05861f350a9",
    "data": [
      {
        "text": "I agree",
        "userDefined": false
      }
    ],
    "isTemplate": false,
    "count": 1,
    "updated": 1524090415
  },
  {
    "id": "907cde55-0d22-4035-a74a-7c119357fb74",
    "data": [
      {
        "text": "I don\u0027t mind",
        "userDefined": false
      }
    ],
    "isTemplate": false,
    "count": 0,
    "updated": 1524090415
  },
  {
    "id": "5c7293c5-41b0-4b31-b278-bb3ffc390d8b",
    "data": [
      {
        "text": "sounds good",
        "userDefined": false
      }
    ],
    "isTemplate": false,
    "count": 0,
    "updated": 1524090133
  },
  {
    "id": "f751d3e1-f2f4-4302-8cc9-e5d53516fb38",
    "data": [
      {
        "text": "Thursday",
        "alias": "date",
        "meta": "@sys.date",
        "userDefined": false
      }
    ],
    "isTemplate": false,
    "count": 0,
    "updated": 1524090415
  },
  {
    "id": "c7531e71-0578-46c0-8293-101a43d88687",
    "data": [
      {
        "text": "Friday",
        "alias": "date",
        "meta": "@sys.date",
        "userDefined": false
      }
    ],
    "isTemplate": false,
    "count": 0,
    "updated": 1524090415
  },
  {
    "id": "8f9ae9bc-29f8-479a-9122-9d370f816cb4",
    "data": [
      {
        "text": "okay",
        "userDefined": false
      }
    ],
    "isTemplate": false,
    "count": 0,
    "updated": 1524090415
  },
  {
    "id": "86da436a-6c54-47dc-a9b4-3510f0bef9b2",
    "data": [
      {
        "text": "Monday",
        "alias": "date",
        "meta": "@sys.date",
        "userDefined": false
      }
    ],
    "isTemplate": false,
    "count": 0,
    "updated": 1524090415
  },
  {
    "id": "fc4fcbd9-dfb8-4951-a678-8702531c357c",
    "data": [
      {
        "text": "exactly",
        "userDefined": false
      }
    ],
    "isTemplate": false,
    "count": 0,
    "updated": 1524090133
  },
  {
    "id": "ec63a626-d1ae-45c6-82c7-91358d7708a7",
    "data": [
      {
        "text": "sure",
        "userDefined": false
      }
    ],
    "isTemplate": false,
    "count": 2,
    "updated": 1524090415
  }
]