[
  {
    "id": "6f906895-7d48-4c0a-8f09-c496a19e88d8",
    "data": [
      {
        "text": "Hi",
        "userDefined": false
      }
    ],
    "isTemplate": false,
    "count": 0,
    "updated": 1524090377
  },
  {
    "id": "508e98d2-aa7f-4eab-9ee3-6048adcbd8e0",
    "data": [
      {
        "text": "Good morning",
        "userDefined": false
      }
    ],
    "isTemplate": false,
    "count": 0,
    "updated": 1524090377
  },
  {
    "id": "7018c210-7efe-4384-9ee9-5a17d514226e",
    "data": [
      {
        "text": "dmv",
        "userDefined": false
      }
    ],
    "isTemplate": false,
    "count": 0,
    "updated": 1524090436
  },
  {
    "id": "83e5fd32-68d9-4be6-9252-f8392af196de",
    "data": [
      {
        "text": "Hello",
        "userDefined": false
      }
    ],
    "isTemplate": false,
    "count": 0,
    "updated": 1524090377
  },
  {
    "id": "6b15a013-4288-4528-af64-b0a072393c3e",
    "data": [
      {
        "text": "open hours",
        "userDefined": false
      }
    ],
    "isTemplate": false,
    "count": 0,
    "updated": 1524090377
  }
]